emp_id,full_name,department,hire_date,base_salary,bonus,rating
EMP-001,Elena Rostova,Engineering,03/04/2021,115000,12000,4.8
EMP-002,Marcus Vance,Marketing,2021-04-12,85000,6500,4.2
EMP-003,Sarah Chen,Engineering,05/06/2020,135000,18000,4.9
EMP-004,Devon Brooks,,11/02/2019,72000,,3.8
EMP-005,Aisha Patel,Product,08/09/2022,105000,10000,4.5
EMP-001,Elena Rostova,Engineering,03/04/2021,115000,12000,4.8
EMP-006,Carlos Mendez,Sales,2022-11-15,92000,25000,4.1
EMP-007,Jin Woo,Data Science,04/05/2021,128000,15000,4.7
EMP-008,Rachel Green,Operations,01/02/2020,68000,TBD,3.9
EMP-009,Liam O'Connor,Engineering,06/07/2021,118000,11000,4.3
EMP-010,Fatima Al-Mansoor,Product,2023-01-10,110000,?,4.6
EMP-003,Sarah Chen,Engineering,05/06/2020,135000,18000,4.9
EMP-011,Tariq Sims,Sales,09/10/2022,88000,18000,3.7
EMP-012,Ananya Sharma,Data Science,02/03/2021,130000,16500,5.0
EMP-013,Lucas Dupont,,2022-08-19,76000,5000,N/A
EMP-014,Chloe Bennett,Marketing,07/08/2020,89000,7500,4.0
EMP-015,Zack Snyder,Engineering,10/11/2021,-95000,8000,3.5
